{
    "ambientocclusion": false,
	"textures": {
        "book1": "block/orange",
		"book2": "block/green",
		"book3": "block/magenta"
    },
    "elements": [
        {   "from": [ 1, 9, 0.1 ],
            "to": [ 5, 15, 0.1 ],
            "shade": false,
            "faces": {
                "south": { "uv": [ 0, 0, 16, 16 ], "texture": "#book1", "tintindex": 0 }
            }
        },
		{   "from": [ 6, 9, 0.1 ],
            "to": [ 10, 15, 0.1 ],
            "shade": false,
            "faces": {
                "south": { "uv": [ 0, 0, 16, 16 ], "texture": "#book2", "tintindex": 0 }
            }
        },
		{   "from": [ 11, 9, 0.1 ],
            "to": [ 15, 15, 0.1 ],
            "shade": false,
            "faces": {
                "south": { "uv": [ 0, 0, 16, 16 ], "texture": "#book3", "tintindex": 0 }
            }
        }
    ]
}