{
    "ambientocclusion": false,
	"textures": {
        "book1": "block/blank",
		"book2": "block/purple",
		"book3": "block/green"
    },
    "elements": [
        {   "from": [ 1, 1, -15.9 ],
            "to": [ 5, 7, -15.9 ],
            "shade": false,
            "faces": {
                "south": { "uv": [ 0, 0, 16, 16 ], "texture": "#book1", "tintindex": 0 }
            }
        },
		{   "from": [ 6, 1, -15.9 ],
            "to": [ 10, 7, -15.9 ],
            "shade": false,
            "faces": {
                "south": { "uv": [ 0, 0, 16, 16 ], "texture": "#book2", "tintindex": 0 }
            }
        },
		{   "from": [ 11, 1, -15.9 ],
            "to": [ 15, 7, -15.9 ],
            "shade": false,
            "faces": {
                "south": { "uv": [ 0, 0, 16, 16 ], "texture": "#book3", "tintindex": 0 }
            }
        }
    ]
}