{
  "variants": {
    "power=0,east=none,west=none,north=none,south=none": {
		"model": "minecraft:block/books/0"
    },"power=1,east=none,west=none,north=none,south=none": {
		"model": "minecraft:block/books/1"
    },"power=2,east=none,west=none,north=none,south=none": {
		"model": "minecraft:block/books/2"
    },"power=3,east=none,west=none,north=none,south=none": {
		"model": "minecraft:block/books/3"
    },"power=4,east=none,west=none,north=none,south=none": {
		"model": "minecraft:block/books/4"
    },"power=5,east=none,west=none,north=none,south=none": {
		"model": "minecraft:block/books/5"
    },"power=6,east=none,west=none,north=none,south=none": {
		"model": "minecraft:block/books/6"
    },"power=7,east=none,west=none,north=none,south=none": {
		"model": "minecraft:block/books/7"
    },"power=8,east=none,west=none,north=none,south=none": {
		"model": "minecraft:block/books/8"
    },"power=9,east=none,west=none,north=none,south=none": {
		"model": "minecraft:block/books/9"
    },"power=10,east=none,west=none,north=none,south=none": {
		"model": "minecraft:block/books/10"
    },"power=11,east=none,west=none,north=none,south=none": {
		"model": "minecraft:block/books/11"
    },"power=12,east=none,west=none,north=none,south=none": {
		"model": "minecraft:block/books/12"
    },"power=13,east=none,west=none,north=none,south=none": {
		"model": "minecraft:block/books/13"
    },"power=14,east=none,west=none,north=none,south=none": {
		"model": "minecraft:block/books/14"
    },"power=15,east=none,west=none,north=none,south=none": {
		"model": "minecraft:block/books/15"
    },"power=0,east=side,west=none,north=none,south=none": {
		"model": "minecraft:block/books/16"
    },"power=1,east=side,west=none,north=none,south=none": {
		"model": "minecraft:block/books/17"
    },"power=2,east=side,west=none,north=none,south=none": {
		"model": "minecraft:block/books/18"
    },"power=3,east=side,west=none,north=none,south=none": {
		"model": "minecraft:block/books/19"
    },"power=4,east=side,west=none,north=none,south=none": {
		"model": "minecraft:block/books/20"
    },"power=5,east=side,west=none,north=none,south=none": {
		"model": "minecraft:block/books/21"
    },"power=6,east=side,west=none,north=none,south=none": {
		"model": "minecraft:block/books/22"
    },"power=7,east=side,west=none,north=none,south=none": {
		"model": "minecraft:block/books/23"
    },"power=8,east=side,west=none,north=none,south=none": {
		"model": "minecraft:block/books/24"
    },"power=9,east=side,west=none,north=none,south=none": {
		"model": "minecraft:block/books/25"
    },"power=10,east=side,west=none,north=none,south=none": {
		"model": "minecraft:block/books/26"
    },"power=11,east=side,west=none,north=none,south=none": {
		"model": "minecraft:block/books/27"
    },"power=12,east=side,west=none,north=none,south=none": {
		"model": "minecraft:block/books/28"
    },"power=13,east=side,west=none,north=none,south=none": {
		"model": "minecraft:block/books/29"
    },"power=14,east=side,west=none,north=none,south=none": {
		"model": "minecraft:block/books/30"
    },"power=15,east=side,west=none,north=none,south=none": {
		"model": "minecraft:block/books/31"
    },"power=0,east=up,west=none,north=none,south=none": {
		"model": "minecraft:block/books/32"
    },"power=1,east=up,west=none,north=none,south=none": {
		"model": "minecraft:block/books/33"
    },"power=2,east=up,west=none,north=none,south=none": {
		"model": "minecraft:block/books/34"
    },"power=3,east=up,west=none,north=none,south=none": {
		"model": "minecraft:block/books/35"
    },"power=4,east=up,west=none,north=none,south=none": {
		"model": "minecraft:block/books/36"
    },"power=5,east=up,west=none,north=none,south=none": {
		"model": "minecraft:block/books/37"
    },"power=6,east=up,west=none,north=none,south=none": {
		"model": "minecraft:block/books/38"
    },"power=7,east=up,west=none,north=none,south=none": {
		"model": "minecraft:block/books/39"
    },"power=8,east=up,west=none,north=none,south=none": {
		"model": "minecraft:block/books/40"
    },"power=9,east=up,west=none,north=none,south=none": {
		"model": "minecraft:block/books/41"
    },"power=10,east=up,west=none,north=none,south=none": {
		"model": "minecraft:block/books/42"
    },"power=11,east=up,west=none,north=none,south=none": {
		"model": "minecraft:block/books/43"
    },"power=12,east=up,west=none,north=none,south=none": {
		"model": "minecraft:block/books/44"
    },"power=13,east=up,west=none,north=none,south=none": {
		"model": "minecraft:block/books/45"
    },"power=14,east=up,west=none,north=none,south=none": {
		"model": "minecraft:block/books/46"
    },"power=15,east=up,west=none,north=none,south=none": {
		"model": "minecraft:block/books/47"
    },"power=0,east=none,west=side,north=none,south=none": {
		"model": "minecraft:block/books/48"
    },"power=1,east=none,west=side,north=none,south=none": {
		"model": "minecraft:block/books/49"
    },"power=2,east=none,west=side,north=none,south=none": {
		"model": "minecraft:block/books/50"
    },"power=3,east=none,west=side,north=none,south=none": {
		"model": "minecraft:block/books/51"
    },"power=4,east=none,west=side,north=none,south=none": {
		"model": "minecraft:block/books/52"
    },"power=5,east=none,west=side,north=none,south=none": {
		"model": "minecraft:block/books/53"
    },"power=6,east=none,west=side,north=none,south=none": {
		"model": "minecraft:block/books/54"
    },"power=7,east=none,west=side,north=none,south=none": {
		"model": "minecraft:block/books/55"
    },"power=8,east=none,west=side,north=none,south=none": {
		"model": "minecraft:block/books/56"
    },"power=9,east=none,west=side,north=none,south=none": {
		"model": "minecraft:block/books/57"
    },"power=10,east=none,west=side,north=none,south=none": {
		"model": "minecraft:block/books/58"
    },"power=11,east=none,west=side,north=none,south=none": {
		"model": "minecraft:block/books/59"
    },"power=12,east=none,west=side,north=none,south=none": {
		"model": "minecraft:block/books/60"
    },"power=13,east=none,west=side,north=none,south=none": {
		"model": "minecraft:block/books/61"
    },"power=14,east=none,west=side,north=none,south=none": {
		"model": "minecraft:block/books/62"
    },"power=15,east=none,west=side,north=none,south=none": {
		"model": "minecraft:block/books/63"
    },"power=0,east=side,west=side,north=none,south=none": {
		"model": "minecraft:block/books/64"
    },"power=1,east=side,west=side,north=none,south=none": {
		"model": "minecraft:block/books/65"
    },"power=2,east=side,west=side,north=none,south=none": {
		"model": "minecraft:block/books/66"
    },"power=3,east=side,west=side,north=none,south=none": {
		"model": "minecraft:block/books/67"
    },"power=4,east=side,west=side,north=none,south=none": {
		"model": "minecraft:block/books/68"
    },"power=5,east=side,west=side,north=none,south=none": {
		"model": "minecraft:block/books/69"
    },"power=6,east=side,west=side,north=none,south=none": {
		"model": "minecraft:block/books/70"
    },"power=7,east=side,west=side,north=none,south=none": {
		"model": "minecraft:block/books/71"
    },"power=8,east=side,west=side,north=none,south=none": {
		"model": "minecraft:block/books/72"
    },"power=9,east=side,west=side,north=none,south=none": {
		"model": "minecraft:block/books/73"
    },"power=10,east=side,west=side,north=none,south=none": {
		"model": "minecraft:block/books/74"
    },"power=11,east=side,west=side,north=none,south=none": {
		"model": "minecraft:block/books/75"
    },"power=12,east=side,west=side,north=none,south=none": {
		"model": "minecraft:block/books/76"
    },"power=13,east=side,west=side,north=none,south=none": {
		"model": "minecraft:block/books/77"
    },"power=14,east=side,west=side,north=none,south=none": {
		"model": "minecraft:block/books/78"
    },"power=15,east=side,west=side,north=none,south=none": {
		"model": "minecraft:block/books/79"
    },"power=0,east=up,west=side,north=none,south=none": {
		"model": "minecraft:block/books/80"
    },"power=1,east=up,west=side,north=none,south=none": {
		"model": "minecraft:block/books/81"
    },"power=2,east=up,west=side,north=none,south=none": {
		"model": "minecraft:block/books/82"
    },"power=3,east=up,west=side,north=none,south=none": {
		"model": "minecraft:block/books/83"
    },"power=4,east=up,west=side,north=none,south=none": {
		"model": "minecraft:block/books/84"
    },"power=5,east=up,west=side,north=none,south=none": {
		"model": "minecraft:block/books/85"
    },"power=6,east=up,west=side,north=none,south=none": {
		"model": "minecraft:block/books/86"
    },"power=7,east=up,west=side,north=none,south=none": {
		"model": "minecraft:block/books/87"
    },"power=8,east=up,west=side,north=none,south=none": {
		"model": "minecraft:block/books/88"
    },"power=9,east=up,west=side,north=none,south=none": {
		"model": "minecraft:block/books/89"
    },"power=10,east=up,west=side,north=none,south=none": {
		"model": "minecraft:block/books/90"
    },"power=11,east=up,west=side,north=none,south=none": {
		"model": "minecraft:block/books/91"
    },"power=12,east=up,west=side,north=none,south=none": {
		"model": "minecraft:block/books/92"
    },"power=13,east=up,west=side,north=none,south=none": {
		"model": "minecraft:block/books/93"
    },"power=14,east=up,west=side,north=none,south=none": {
		"model": "minecraft:block/books/94"
    },"power=15,east=up,west=side,north=none,south=none": {
		"model": "minecraft:block/books/95"
    },"power=0,east=none,west=up,north=none,south=none": {
		"model": "minecraft:block/books/96"
    },"power=1,east=none,west=up,north=none,south=none": {
		"model": "minecraft:block/books/97"
    },"power=2,east=none,west=up,north=none,south=none": {
		"model": "minecraft:block/books/98"
    },"power=3,east=none,west=up,north=none,south=none": {
		"model": "minecraft:block/books/99"
    },"power=4,east=none,west=up,north=none,south=none": {
		"model": "minecraft:block/books/100"
    },"power=5,east=none,west=up,north=none,south=none": {
		"model": "minecraft:block/books/101"
    },"power=6,east=none,west=up,north=none,south=none": {
		"model": "minecraft:block/books/102"
    },"power=7,east=none,west=up,north=none,south=none": {
		"model": "minecraft:block/books/103"
    },"power=8,east=none,west=up,north=none,south=none": {
		"model": "minecraft:block/books/104"
    },"power=9,east=none,west=up,north=none,south=none": {
		"model": "minecraft:block/books/105"
    },"power=10,east=none,west=up,north=none,south=none": {
		"model": "minecraft:block/books/106"
    },"power=11,east=none,west=up,north=none,south=none": {
		"model": "minecraft:block/books/107"
    },"power=12,east=none,west=up,north=none,south=none": {
		"model": "minecraft:block/books/108"
    },"power=13,east=none,west=up,north=none,south=none": {
		"model": "minecraft:block/books/109"
    },"power=14,east=none,west=up,north=none,south=none": {
		"model": "minecraft:block/books/110"
    },"power=15,east=none,west=up,north=none,south=none": {
		"model": "minecraft:block/books/111"
    },"power=0,east=side,west=up,north=none,south=none": {
		"model": "minecraft:block/books/112"
    },"power=1,east=side,west=up,north=none,south=none": {
		"model": "minecraft:block/books/113"
    },"power=2,east=side,west=up,north=none,south=none": {
		"model": "minecraft:block/books/114"
    },"power=3,east=side,west=up,north=none,south=none": {
		"model": "minecraft:block/books/115"
    },"power=4,east=side,west=up,north=none,south=none": {
		"model": "minecraft:block/books/116"
    },"power=5,east=side,west=up,north=none,south=none": {
		"model": "minecraft:block/books/117"
    },"power=6,east=side,west=up,north=none,south=none": {
		"model": "minecraft:block/books/118"
    },"power=7,east=side,west=up,north=none,south=none": {
		"model": "minecraft:block/books/119"
    },"power=8,east=side,west=up,north=none,south=none": {
		"model": "minecraft:block/books/120"
    },"power=9,east=side,west=up,north=none,south=none": {
		"model": "minecraft:block/books/121"
    },"power=10,east=side,west=up,north=none,south=none": {
		"model": "minecraft:block/books/122"
    },"power=11,east=side,west=up,north=none,south=none": {
		"model": "minecraft:block/books/123"
    },"power=12,east=side,west=up,north=none,south=none": {
		"model": "minecraft:block/books/124"
    },"power=13,east=side,west=up,north=none,south=none": {
		"model": "minecraft:block/books/125"
    },"power=14,east=side,west=up,north=none,south=none": {
		"model": "minecraft:block/books/126"
    },"power=15,east=side,west=up,north=none,south=none": {
		"model": "minecraft:block/books/127"
    },"power=0,east=up,west=up,north=none,south=none": {
		"model": "minecraft:block/books/128"
    },"power=1,east=up,west=up,north=none,south=none": {
		"model": "minecraft:block/books/129"
    },"power=2,east=up,west=up,north=none,south=none": {
		"model": "minecraft:block/books/130"
    },"power=3,east=up,west=up,north=none,south=none": {
		"model": "minecraft:block/books/131"
    },"power=4,east=up,west=up,north=none,south=none": {
		"model": "minecraft:block/books/132"
    },"power=5,east=up,west=up,north=none,south=none": {
		"model": "minecraft:block/books/133"
    },"power=6,east=up,west=up,north=none,south=none": {
		"model": "minecraft:block/books/134"
    },"power=7,east=up,west=up,north=none,south=none": {
		"model": "minecraft:block/books/135"
    },"power=8,east=up,west=up,north=none,south=none": {
		"model": "minecraft:block/books/136"
    },"power=9,east=up,west=up,north=none,south=none": {
		"model": "minecraft:block/books/137"
    },"power=10,east=up,west=up,north=none,south=none": {
		"model": "minecraft:block/books/138"
    },"power=11,east=up,west=up,north=none,south=none": {
		"model": "minecraft:block/books/139"
    },"power=12,east=up,west=up,north=none,south=none": {
		"model": "minecraft:block/books/140"
    },"power=13,east=up,west=up,north=none,south=none": {
		"model": "minecraft:block/books/141"
    },"power=14,east=up,west=up,north=none,south=none": {
		"model": "minecraft:block/books/142"
    },"power=15,east=up,west=up,north=none,south=none": {
		"model": "minecraft:block/books/143"
    },"power=0,east=none,west=none,north=side,south=none": {
		"model": "minecraft:block/books/144"
    },"power=1,east=none,west=none,north=side,south=none": {
		"model": "minecraft:block/books/145"
    },"power=2,east=none,west=none,north=side,south=none": {
		"model": "minecraft:block/books/146"
    },"power=3,east=none,west=none,north=side,south=none": {
		"model": "minecraft:block/books/147"
    },"power=4,east=none,west=none,north=side,south=none": {
		"model": "minecraft:block/books/148"
    },"power=5,east=none,west=none,north=side,south=none": {
		"model": "minecraft:block/books/149"
    },"power=6,east=none,west=none,north=side,south=none": {
		"model": "minecraft:block/books/150"
    },"power=7,east=none,west=none,north=side,south=none": {
		"model": "minecraft:block/books/151"
    },"power=8,east=none,west=none,north=side,south=none": {
		"model": "minecraft:block/books/152"
    },"power=9,east=none,west=none,north=side,south=none": {
		"model": "minecraft:block/books/153"
    },"power=10,east=none,west=none,north=side,south=none": {
		"model": "minecraft:block/books/154"
    },"power=11,east=none,west=none,north=side,south=none": {
		"model": "minecraft:block/books/155"
    },"power=12,east=none,west=none,north=side,south=none": {
		"model": "minecraft:block/books/156"
    },"power=13,east=none,west=none,north=side,south=none": {
		"model": "minecraft:block/books/157"
    },"power=14,east=none,west=none,north=side,south=none": {
		"model": "minecraft:block/books/158"
    },"power=15,east=none,west=none,north=side,south=none": {
		"model": "minecraft:block/books/159"
    },"power=0,east=side,west=none,north=side,south=none": {
		"model": "minecraft:block/books/160"
    },"power=1,east=side,west=none,north=side,south=none": {
		"model": "minecraft:block/books/161"
    },"power=2,east=side,west=none,north=side,south=none": {
		"model": "minecraft:block/books/162"
    },"power=3,east=side,west=none,north=side,south=none": {
		"model": "minecraft:block/books/163"
    },"power=4,east=side,west=none,north=side,south=none": {
		"model": "minecraft:block/books/164"
    },"power=5,east=side,west=none,north=side,south=none": {
		"model": "minecraft:block/books/165"
    },"power=6,east=side,west=none,north=side,south=none": {
		"model": "minecraft:block/books/166"
    },"power=7,east=side,west=none,north=side,south=none": {
		"model": "minecraft:block/books/167"
    },"power=8,east=side,west=none,north=side,south=none": {
		"model": "minecraft:block/books/168"
    },"power=9,east=side,west=none,north=side,south=none": {
		"model": "minecraft:block/books/169"
    },"power=10,east=side,west=none,north=side,south=none": {
		"model": "minecraft:block/books/170"
    },"power=11,east=side,west=none,north=side,south=none": {
		"model": "minecraft:block/books/171"
    },"power=12,east=side,west=none,north=side,south=none": {
		"model": "minecraft:block/books/172"
    },"power=13,east=side,west=none,north=side,south=none": {
		"model": "minecraft:block/books/173"
    },"power=14,east=side,west=none,north=side,south=none": {
		"model": "minecraft:block/books/174"
    },"power=15,east=side,west=none,north=side,south=none": {
		"model": "minecraft:block/books/175"
    },"power=0,east=up,west=none,north=side,south=none": {
		"model": "minecraft:block/books/176"
    },"power=1,east=up,west=none,north=side,south=none": {
		"model": "minecraft:block/books/177"
    },"power=2,east=up,west=none,north=side,south=none": {
		"model": "minecraft:block/books/178"
    },"power=3,east=up,west=none,north=side,south=none": {
		"model": "minecraft:block/books/179"
    },"power=4,east=up,west=none,north=side,south=none": {
		"model": "minecraft:block/books/180"
    },"power=5,east=up,west=none,north=side,south=none": {
		"model": "minecraft:block/books/181"
    },"power=6,east=up,west=none,north=side,south=none": {
		"model": "minecraft:block/books/182"
    },"power=7,east=up,west=none,north=side,south=none": {
		"model": "minecraft:block/books/183"
    },"power=8,east=up,west=none,north=side,south=none": {
		"model": "minecraft:block/books/184"
    },"power=9,east=up,west=none,north=side,south=none": {
		"model": "minecraft:block/books/185"
    },"power=10,east=up,west=none,north=side,south=none": {
		"model": "minecraft:block/books/186"
    },"power=11,east=up,west=none,north=side,south=none": {
		"model": "minecraft:block/books/187"
    },"power=12,east=up,west=none,north=side,south=none": {
		"model": "minecraft:block/books/188"
    },"power=13,east=up,west=none,north=side,south=none": {
		"model": "minecraft:block/books/189"
    },"power=14,east=up,west=none,north=side,south=none": {
		"model": "minecraft:block/books/190"
    },"power=15,east=up,west=none,north=side,south=none": {
		"model": "minecraft:block/books/191"
    },"power=0,east=none,west=side,north=side,south=none": {
		"model": "minecraft:block/books/192"
    },"power=1,east=none,west=side,north=side,south=none": {
		"model": "minecraft:block/books/193"
    },"power=2,east=none,west=side,north=side,south=none": {
		"model": "minecraft:block/books/194"
    },"power=3,east=none,west=side,north=side,south=none": {
		"model": "minecraft:block/books/195"
    },"power=4,east=none,west=side,north=side,south=none": {
		"model": "minecraft:block/books/196"
    },"power=5,east=none,west=side,north=side,south=none": {
		"model": "minecraft:block/books/197"
    },"power=6,east=none,west=side,north=side,south=none": {
		"model": "minecraft:block/books/198"
    },"power=7,east=none,west=side,north=side,south=none": {
		"model": "minecraft:block/books/199"
    },"power=8,east=none,west=side,north=side,south=none": {
		"model": "minecraft:block/books/200"
    },"power=9,east=none,west=side,north=side,south=none": {
		"model": "minecraft:block/books/201"
    },"power=10,east=none,west=side,north=side,south=none": {
		"model": "minecraft:block/books/202"
    },"power=11,east=none,west=side,north=side,south=none": {
		"model": "minecraft:block/books/203"
    },"power=12,east=none,west=side,north=side,south=none": {
		"model": "minecraft:block/books/204"
    },"power=13,east=none,west=side,north=side,south=none": {
		"model": "minecraft:block/books/205"
    },"power=14,east=none,west=side,north=side,south=none": {
		"model": "minecraft:block/books/206"
    },"power=15,east=none,west=side,north=side,south=none": {
		"model": "minecraft:block/books/207"
    },"power=0,east=side,west=side,north=side,south=none": {
		"model": "minecraft:block/books/208"
    },"power=1,east=side,west=side,north=side,south=none": {
		"model": "minecraft:block/books/209"
    },"power=2,east=side,west=side,north=side,south=none": {
		"model": "minecraft:block/books/210"
    },"power=3,east=side,west=side,north=side,south=none": {
		"model": "minecraft:block/books/211"
    },"power=4,east=side,west=side,north=side,south=none": {
		"model": "minecraft:block/books/212"
    },"power=5,east=side,west=side,north=side,south=none": {
		"model": "minecraft:block/books/213"
    },"power=6,east=side,west=side,north=side,south=none": {
		"model": "minecraft:block/books/214"
    },"power=7,east=side,west=side,north=side,south=none": {
		"model": "minecraft:block/books/215"
    },"power=8,east=side,west=side,north=side,south=none": {
		"model": "minecraft:block/books/216"
    },"power=9,east=side,west=side,north=side,south=none": {
		"model": "minecraft:block/books/217"
    },"power=10,east=side,west=side,north=side,south=none": {
		"model": "minecraft:block/books/218"
    },"power=11,east=side,west=side,north=side,south=none": {
		"model": "minecraft:block/books/219"
    },"power=12,east=side,west=side,north=side,south=none": {
		"model": "minecraft:block/books/220"
    },"power=13,east=side,west=side,north=side,south=none": {
		"model": "minecraft:block/books/221"
    },"power=14,east=side,west=side,north=side,south=none": {
		"model": "minecraft:block/books/222"
    },"power=15,east=side,west=side,north=side,south=none": {
		"model": "minecraft:block/books/223"
    },"power=0,east=up,west=side,north=side,south=none": {
		"model": "minecraft:block/books/224"
    },"power=1,east=up,west=side,north=side,south=none": {
		"model": "minecraft:block/books/225"
    },"power=2,east=up,west=side,north=side,south=none": {
		"model": "minecraft:block/books/226"
    },"power=3,east=up,west=side,north=side,south=none": {
		"model": "minecraft:block/books/227"
    },"power=4,east=up,west=side,north=side,south=none": {
		"model": "minecraft:block/books/228"
    },"power=5,east=up,west=side,north=side,south=none": {
		"model": "minecraft:block/books/229"
    },"power=6,east=up,west=side,north=side,south=none": {
		"model": "minecraft:block/books/230"
    },"power=7,east=up,west=side,north=side,south=none": {
		"model": "minecraft:block/books/231"
    },"power=8,east=up,west=side,north=side,south=none": {
		"model": "minecraft:block/books/232"
    },"power=9,east=up,west=side,north=side,south=none": {
		"model": "minecraft:block/books/233"
    },"power=10,east=up,west=side,north=side,south=none": {
		"model": "minecraft:block/books/234"
    },"power=11,east=up,west=side,north=side,south=none": {
		"model": "minecraft:block/books/235"
    },"power=12,east=up,west=side,north=side,south=none": {
		"model": "minecraft:block/books/236"
    },"power=13,east=up,west=side,north=side,south=none": {
		"model": "minecraft:block/books/237"
    },"power=14,east=up,west=side,north=side,south=none": {
		"model": "minecraft:block/books/238"
    },"power=15,east=up,west=side,north=side,south=none": {
		"model": "minecraft:block/books/239"
    },"power=0,east=none,west=up,north=side,south=none": {
		"model": "minecraft:block/books/240"
    },"power=1,east=none,west=up,north=side,south=none": {
		"model": "minecraft:block/books/241"
    },"power=2,east=none,west=up,north=side,south=none": {
		"model": "minecraft:block/books/242"
    },"power=3,east=none,west=up,north=side,south=none": {
		"model": "minecraft:block/books/243"
    },"power=4,east=none,west=up,north=side,south=none": {
		"model": "minecraft:block/books/244"
    },"power=5,east=none,west=up,north=side,south=none": {
		"model": "minecraft:block/books/245"
    },"power=6,east=none,west=up,north=side,south=none": {
		"model": "minecraft:block/books/246"
    },"power=7,east=none,west=up,north=side,south=none": {
		"model": "minecraft:block/books/247"
    },"power=8,east=none,west=up,north=side,south=none": {
		"model": "minecraft:block/books/248"
    },"power=9,east=none,west=up,north=side,south=none": {
		"model": "minecraft:block/books/249"
    },"power=10,east=none,west=up,north=side,south=none": {
		"model": "minecraft:block/books/250"
    },"power=11,east=none,west=up,north=side,south=none": {
		"model": "minecraft:block/books/251"
    },"power=12,east=none,west=up,north=side,south=none": {
		"model": "minecraft:block/books/252"
    },"power=13,east=none,west=up,north=side,south=none": {
		"model": "minecraft:block/books/253"
    },"power=14,east=none,west=up,north=side,south=none": {
		"model": "minecraft:block/books/254"
    },"power=15,east=none,west=up,north=side,south=none": {
		"model": "minecraft:block/books/255"
    },"power=0,east=side,west=up,north=side,south=none": {
		"model": "minecraft:block/books/256"
    },"power=1,east=side,west=up,north=side,south=none": {
		"model": "minecraft:block/books/257"
    },"power=2,east=side,west=up,north=side,south=none": {
		"model": "minecraft:block/books/258"
    },"power=3,east=side,west=up,north=side,south=none": {
		"model": "minecraft:block/books/259"
    },"power=4,east=side,west=up,north=side,south=none": {
		"model": "minecraft:block/books/260"
    },"power=5,east=side,west=up,north=side,south=none": {
		"model": "minecraft:block/books/261"
    },"power=6,east=side,west=up,north=side,south=none": {
		"model": "minecraft:block/books/262"
    },"power=7,east=side,west=up,north=side,south=none": {
		"model": "minecraft:block/books/263"
    },"power=8,east=side,west=up,north=side,south=none": {
		"model": "minecraft:block/books/264"
    },"power=9,east=side,west=up,north=side,south=none": {
		"model": "minecraft:block/books/265"
    },"power=10,east=side,west=up,north=side,south=none": {
		"model": "minecraft:block/books/266"
    },"power=11,east=side,west=up,north=side,south=none": {
		"model": "minecraft:block/books/267"
    },"power=12,east=side,west=up,north=side,south=none": {
		"model": "minecraft:block/books/268"
    },"power=13,east=side,west=up,north=side,south=none": {
		"model": "minecraft:block/books/269"
    },"power=14,east=side,west=up,north=side,south=none": {
		"model": "minecraft:block/books/270"
    },"power=15,east=side,west=up,north=side,south=none": {
		"model": "minecraft:block/books/271"
    },"power=0,east=up,west=up,north=side,south=none": {
		"model": "minecraft:block/books/272"
    },"power=1,east=up,west=up,north=side,south=none": {
		"model": "minecraft:block/books/273"
    },"power=2,east=up,west=up,north=side,south=none": {
		"model": "minecraft:block/books/274"
    },"power=3,east=up,west=up,north=side,south=none": {
		"model": "minecraft:block/books/275"
    },"power=4,east=up,west=up,north=side,south=none": {
		"model": "minecraft:block/books/276"
    },"power=5,east=up,west=up,north=side,south=none": {
		"model": "minecraft:block/books/277"
    },"power=6,east=up,west=up,north=side,south=none": {
		"model": "minecraft:block/books/278"
    },"power=7,east=up,west=up,north=side,south=none": {
		"model": "minecraft:block/books/279"
    },"power=8,east=up,west=up,north=side,south=none": {
		"model": "minecraft:block/books/280"
    },"power=9,east=up,west=up,north=side,south=none": {
		"model": "minecraft:block/books/281"
    },"power=10,east=up,west=up,north=side,south=none": {
		"model": "minecraft:block/books/282"
    },"power=11,east=up,west=up,north=side,south=none": {
		"model": "minecraft:block/books/283"
    },"power=12,east=up,west=up,north=side,south=none": {
		"model": "minecraft:block/books/284"
    },"power=13,east=up,west=up,north=side,south=none": {
		"model": "minecraft:block/books/285"
    },"power=14,east=up,west=up,north=side,south=none": {
		"model": "minecraft:block/books/286"
    },"power=15,east=up,west=up,north=side,south=none": {
		"model": "minecraft:block/books/287"
    },"power=0,east=none,west=none,north=up,south=none": {
		"model": "minecraft:block/books/288"
    },"power=1,east=none,west=none,north=up,south=none": {
		"model": "minecraft:block/books/289"
    },"power=2,east=none,west=none,north=up,south=none": {
		"model": "minecraft:block/books/290"
    },"power=3,east=none,west=none,north=up,south=none": {
		"model": "minecraft:block/books/291"
    },"power=4,east=none,west=none,north=up,south=none": {
		"model": "minecraft:block/books/292"
    },"power=5,east=none,west=none,north=up,south=none": {
		"model": "minecraft:block/books/293"
    },"power=6,east=none,west=none,north=up,south=none": {
		"model": "minecraft:block/books/294"
    },"power=7,east=none,west=none,north=up,south=none": {
		"model": "minecraft:block/books/295"
    },"power=8,east=none,west=none,north=up,south=none": {
		"model": "minecraft:block/books/296"
    },"power=9,east=none,west=none,north=up,south=none": {
		"model": "minecraft:block/books/297"
    },"power=10,east=none,west=none,north=up,south=none": {
		"model": "minecraft:block/books/298"
    },"power=11,east=none,west=none,north=up,south=none": {
		"model": "minecraft:block/books/299"
    },"power=12,east=none,west=none,north=up,south=none": {
		"model": "minecraft:block/books/300"
    },"power=13,east=none,west=none,north=up,south=none": {
		"model": "minecraft:block/books/301"
    },"power=14,east=none,west=none,north=up,south=none": {
		"model": "minecraft:block/books/302"
    },"power=15,east=none,west=none,north=up,south=none": {
		"model": "minecraft:block/books/303"
    },"power=0,east=side,west=none,north=up,south=none": {
		"model": "minecraft:block/books/304"
    },"power=1,east=side,west=none,north=up,south=none": {
		"model": "minecraft:block/books/305"
    },"power=2,east=side,west=none,north=up,south=none": {
		"model": "minecraft:block/books/306"
    },"power=3,east=side,west=none,north=up,south=none": {
		"model": "minecraft:block/books/307"
    },"power=4,east=side,west=none,north=up,south=none": {
		"model": "minecraft:block/books/308"
    },"power=5,east=side,west=none,north=up,south=none": {
		"model": "minecraft:block/books/309"
    },"power=6,east=side,west=none,north=up,south=none": {
		"model": "minecraft:block/books/310"
    },"power=7,east=side,west=none,north=up,south=none": {
		"model": "minecraft:block/books/311"
    },"power=8,east=side,west=none,north=up,south=none": {
		"model": "minecraft:block/books/312"
    },"power=9,east=side,west=none,north=up,south=none": {
		"model": "minecraft:block/books/313"
    },"power=10,east=side,west=none,north=up,south=none": {
		"model": "minecraft:block/books/314"
    },"power=11,east=side,west=none,north=up,south=none": {
		"model": "minecraft:block/books/315"
    },"power=12,east=side,west=none,north=up,south=none": {
		"model": "minecraft:block/books/316"
    },"power=13,east=side,west=none,north=up,south=none": {
		"model": "minecraft:block/books/317"
    },"power=14,east=side,west=none,north=up,south=none": {
		"model": "minecraft:block/books/318"
    },"power=15,east=side,west=none,north=up,south=none": {
		"model": "minecraft:block/books/319"
    },"power=0,east=up,west=none,north=up,south=none": {
		"model": "minecraft:block/books/320"
    },"power=1,east=up,west=none,north=up,south=none": {
		"model": "minecraft:block/books/321"
    },"power=2,east=up,west=none,north=up,south=none": {
		"model": "minecraft:block/books/322"
    },"power=3,east=up,west=none,north=up,south=none": {
		"model": "minecraft:block/books/323"
    },"power=4,east=up,west=none,north=up,south=none": {
		"model": "minecraft:block/books/324"
    },"power=5,east=up,west=none,north=up,south=none": {
		"model": "minecraft:block/books/325"
    },"power=6,east=up,west=none,north=up,south=none": {
		"model": "minecraft:block/books/326"
    },"power=7,east=up,west=none,north=up,south=none": {
		"model": "minecraft:block/books/327"
    },"power=8,east=up,west=none,north=up,south=none": {
		"model": "minecraft:block/books/328"
    },"power=9,east=up,west=none,north=up,south=none": {
		"model": "minecraft:block/books/329"
    },"power=10,east=up,west=none,north=up,south=none": {
		"model": "minecraft:block/books/330"
    },"power=11,east=up,west=none,north=up,south=none": {
		"model": "minecraft:block/books/331"
    },"power=12,east=up,west=none,north=up,south=none": {
		"model": "minecraft:block/books/332"
    },"power=13,east=up,west=none,north=up,south=none": {
		"model": "minecraft:block/books/333"
    },"power=14,east=up,west=none,north=up,south=none": {
		"model": "minecraft:block/books/334"
    },"power=15,east=up,west=none,north=up,south=none": {
		"model": "minecraft:block/books/335"
    },"power=0,east=none,west=side,north=up,south=none": {
		"model": "minecraft:block/books/336"
    },"power=1,east=none,west=side,north=up,south=none": {
		"model": "minecraft:block/books/337"
    },"power=2,east=none,west=side,north=up,south=none": {
		"model": "minecraft:block/books/338"
    },"power=3,east=none,west=side,north=up,south=none": {
		"model": "minecraft:block/books/339"
    },"power=4,east=none,west=side,north=up,south=none": {
		"model": "minecraft:block/books/340"
    },"power=5,east=none,west=side,north=up,south=none": {
		"model": "minecraft:block/books/341"
    },"power=6,east=none,west=side,north=up,south=none": {
		"model": "minecraft:block/books/342"
    },"power=7,east=none,west=side,north=up,south=none": {
		"model": "minecraft:block/books/343"
    },"power=8,east=none,west=side,north=up,south=none": {
		"model": "minecraft:block/books/344"
    },"power=9,east=none,west=side,north=up,south=none": {
		"model": "minecraft:block/books/345"
    },"power=10,east=none,west=side,north=up,south=none": {
		"model": "minecraft:block/books/346"
    },"power=11,east=none,west=side,north=up,south=none": {
		"model": "minecraft:block/books/347"
    },"power=12,east=none,west=side,north=up,south=none": {
		"model": "minecraft:block/books/348"
    },"power=13,east=none,west=side,north=up,south=none": {
		"model": "minecraft:block/books/349"
    },"power=14,east=none,west=side,north=up,south=none": {
		"model": "minecraft:block/books/350"
    },"power=15,east=none,west=side,north=up,south=none": {
		"model": "minecraft:block/books/351"
    },"power=0,east=side,west=side,north=up,south=none": {
		"model": "minecraft:block/books/352"
    },"power=1,east=side,west=side,north=up,south=none": {
		"model": "minecraft:block/books/353"
    },"power=2,east=side,west=side,north=up,south=none": {
		"model": "minecraft:block/books/354"
    },"power=3,east=side,west=side,north=up,south=none": {
		"model": "minecraft:block/books/355"
    },"power=4,east=side,west=side,north=up,south=none": {
		"model": "minecraft:block/books/356"
    },"power=5,east=side,west=side,north=up,south=none": {
		"model": "minecraft:block/books/357"
    },"power=6,east=side,west=side,north=up,south=none": {
		"model": "minecraft:block/books/358"
    },"power=7,east=side,west=side,north=up,south=none": {
		"model": "minecraft:block/books/359"
    },"power=8,east=side,west=side,north=up,south=none": {
		"model": "minecraft:block/books/360"
    },"power=9,east=side,west=side,north=up,south=none": {
		"model": "minecraft:block/books/361"
    },"power=10,east=side,west=side,north=up,south=none": {
		"model": "minecraft:block/books/362"
    },"power=11,east=side,west=side,north=up,south=none": {
		"model": "minecraft:block/books/363"
    },"power=12,east=side,west=side,north=up,south=none": {
		"model": "minecraft:block/books/364"
    },"power=13,east=side,west=side,north=up,south=none": {
		"model": "minecraft:block/books/365"
    },"power=14,east=side,west=side,north=up,south=none": {
		"model": "minecraft:block/books/366"
    },"power=15,east=side,west=side,north=up,south=none": {
		"model": "minecraft:block/books/367"
    },"power=0,east=up,west=side,north=up,south=none": {
		"model": "minecraft:block/books/368"
    },"power=1,east=up,west=side,north=up,south=none": {
		"model": "minecraft:block/books/369"
    },"power=2,east=up,west=side,north=up,south=none": {
		"model": "minecraft:block/books/370"
    },"power=3,east=up,west=side,north=up,south=none": {
		"model": "minecraft:block/books/371"
    },"power=4,east=up,west=side,north=up,south=none": {
		"model": "minecraft:block/books/372"
    },"power=5,east=up,west=side,north=up,south=none": {
		"model": "minecraft:block/books/373"
    },"power=6,east=up,west=side,north=up,south=none": {
		"model": "minecraft:block/books/374"
    },"power=7,east=up,west=side,north=up,south=none": {
		"model": "minecraft:block/books/375"
    },"power=8,east=up,west=side,north=up,south=none": {
		"model": "minecraft:block/books/376"
    },"power=9,east=up,west=side,north=up,south=none": {
		"model": "minecraft:block/books/377"
    },"power=10,east=up,west=side,north=up,south=none": {
		"model": "minecraft:block/books/378"
    },"power=11,east=up,west=side,north=up,south=none": {
		"model": "minecraft:block/books/379"
    },"power=12,east=up,west=side,north=up,south=none": {
		"model": "minecraft:block/books/380"
    },"power=13,east=up,west=side,north=up,south=none": {
		"model": "minecraft:block/books/381"
    },"power=14,east=up,west=side,north=up,south=none": {
		"model": "minecraft:block/books/382"
    },"power=15,east=up,west=side,north=up,south=none": {
		"model": "minecraft:block/books/383"
    },"power=0,east=none,west=up,north=up,south=none": {
		"model": "minecraft:block/books/384"
    },"power=1,east=none,west=up,north=up,south=none": {
		"model": "minecraft:block/books/385"
    },"power=2,east=none,west=up,north=up,south=none": {
		"model": "minecraft:block/books/386"
    },"power=3,east=none,west=up,north=up,south=none": {
		"model": "minecraft:block/books/387"
    },"power=4,east=none,west=up,north=up,south=none": {
		"model": "minecraft:block/books/388"
    },"power=5,east=none,west=up,north=up,south=none": {
		"model": "minecraft:block/books/389"
    },"power=6,east=none,west=up,north=up,south=none": {
		"model": "minecraft:block/books/390"
    },"power=7,east=none,west=up,north=up,south=none": {
		"model": "minecraft:block/books/391"
    },"power=8,east=none,west=up,north=up,south=none": {
		"model": "minecraft:block/books/392"
    },"power=9,east=none,west=up,north=up,south=none": {
		"model": "minecraft:block/books/393"
    },"power=10,east=none,west=up,north=up,south=none": {
		"model": "minecraft:block/books/394"
    },"power=11,east=none,west=up,north=up,south=none": {
		"model": "minecraft:block/books/395"
    },"power=12,east=none,west=up,north=up,south=none": {
		"model": "minecraft:block/books/396"
    },"power=13,east=none,west=up,north=up,south=none": {
		"model": "minecraft:block/books/397"
    },"power=14,east=none,west=up,north=up,south=none": {
		"model": "minecraft:block/books/398"
    },"power=15,east=none,west=up,north=up,south=none": {
		"model": "minecraft:block/books/399"
    },"power=0,east=side,west=up,north=up,south=none": {
		"model": "minecraft:block/books/400"
    },"power=1,east=side,west=up,north=up,south=none": {
		"model": "minecraft:block/books/401"
    },"power=2,east=side,west=up,north=up,south=none": {
		"model": "minecraft:block/books/402"
    },"power=3,east=side,west=up,north=up,south=none": {
		"model": "minecraft:block/books/403"
    },"power=4,east=side,west=up,north=up,south=none": {
		"model": "minecraft:block/books/404"
    },"power=5,east=side,west=up,north=up,south=none": {
		"model": "minecraft:block/books/405"
    },"power=6,east=side,west=up,north=up,south=none": {
		"model": "minecraft:block/books/406"
    },"power=7,east=side,west=up,north=up,south=none": {
		"model": "minecraft:block/books/407"
    },"power=8,east=side,west=up,north=up,south=none": {
		"model": "minecraft:block/books/408"
    },"power=9,east=side,west=up,north=up,south=none": {
		"model": "minecraft:block/books/409"
    },"power=10,east=side,west=up,north=up,south=none": {
		"model": "minecraft:block/books/410"
    },"power=11,east=side,west=up,north=up,south=none": {
		"model": "minecraft:block/books/411"
    },"power=12,east=side,west=up,north=up,south=none": {
		"model": "minecraft:block/books/412"
    },"power=13,east=side,west=up,north=up,south=none": {
		"model": "minecraft:block/books/413"
    },"power=14,east=side,west=up,north=up,south=none": {
		"model": "minecraft:block/books/414"
    },"power=15,east=side,west=up,north=up,south=none": {
		"model": "minecraft:block/books/415"
    },"power=0,east=up,west=up,north=up,south=none": {
		"model": "minecraft:block/books/416"
    },"power=1,east=up,west=up,north=up,south=none": {
		"model": "minecraft:block/books/417"
    },"power=2,east=up,west=up,north=up,south=none": {
		"model": "minecraft:block/books/418"
    },"power=3,east=up,west=up,north=up,south=none": {
		"model": "minecraft:block/books/419"
    },"power=4,east=up,west=up,north=up,south=none": {
		"model": "minecraft:block/books/420"
    },"power=5,east=up,west=up,north=up,south=none": {
		"model": "minecraft:block/books/421"
    },"power=6,east=up,west=up,north=up,south=none": {
		"model": "minecraft:block/books/422"
    },"power=7,east=up,west=up,north=up,south=none": {
		"model": "minecraft:block/books/423"
    },"power=8,east=up,west=up,north=up,south=none": {
		"model": "minecraft:block/books/424"
    },"power=9,east=up,west=up,north=up,south=none": {
		"model": "minecraft:block/books/425"
    },"power=10,east=up,west=up,north=up,south=none": {
		"model": "minecraft:block/books/426"
    },"power=11,east=up,west=up,north=up,south=none": {
		"model": "minecraft:block/books/427"
    },"power=12,east=up,west=up,north=up,south=none": {
		"model": "minecraft:block/books/428"
    },"power=13,east=up,west=up,north=up,south=none": {
		"model": "minecraft:block/books/429"
    },"power=14,east=up,west=up,north=up,south=none": {
		"model": "minecraft:block/books/430"
    },"power=15,east=up,west=up,north=up,south=none": {
		"model": "minecraft:block/books/431"
    },"power=0,east=none,west=none,north=none,south=side": {
		"model": "minecraft:block/books/432"
    },"power=1,east=none,west=none,north=none,south=side": {
		"model": "minecraft:block/books/433"
    },"power=2,east=none,west=none,north=none,south=side": {
		"model": "minecraft:block/books/434"
    },"power=3,east=none,west=none,north=none,south=side": {
		"model": "minecraft:block/books/435"
    },"power=4,east=none,west=none,north=none,south=side": {
		"model": "minecraft:block/books/436"
    },"power=5,east=none,west=none,north=none,south=side": {
		"model": "minecraft:block/books/437"
    },"power=6,east=none,west=none,north=none,south=side": {
		"model": "minecraft:block/books/438"
    },"power=7,east=none,west=none,north=none,south=side": {
		"model": "minecraft:block/books/439"
    },"power=8,east=none,west=none,north=none,south=side": {
		"model": "minecraft:block/books/440"
    },"power=9,east=none,west=none,north=none,south=side": {
		"model": "minecraft:block/books/441"
    },"power=10,east=none,west=none,north=none,south=side": {
		"model": "minecraft:block/books/442"
    },"power=11,east=none,west=none,north=none,south=side": {
		"model": "minecraft:block/books/443"
    },"power=12,east=none,west=none,north=none,south=side": {
		"model": "minecraft:block/books/444"
    },"power=13,east=none,west=none,north=none,south=side": {
		"model": "minecraft:block/books/445"
    },"power=14,east=none,west=none,north=none,south=side": {
		"model": "minecraft:block/books/446"
    },"power=15,east=none,west=none,north=none,south=side": {
		"model": "minecraft:block/books/447"
    },"power=0,east=side,west=none,north=none,south=side": {
		"model": "minecraft:block/books/448"
    },"power=1,east=side,west=none,north=none,south=side": {
		"model": "minecraft:block/books/449"
    },"power=2,east=side,west=none,north=none,south=side": {
		"model": "minecraft:block/books/450"
    },"power=3,east=side,west=none,north=none,south=side": {
		"model": "minecraft:block/books/451"
    },"power=4,east=side,west=none,north=none,south=side": {
		"model": "minecraft:block/books/452"
    },"power=5,east=side,west=none,north=none,south=side": {
		"model": "minecraft:block/books/453"
    },"power=6,east=side,west=none,north=none,south=side": {
		"model": "minecraft:block/books/454"
    },"power=7,east=side,west=none,north=none,south=side": {
		"model": "minecraft:block/books/455"
    },"power=8,east=side,west=none,north=none,south=side": {
		"model": "minecraft:block/books/456"
    },"power=9,east=side,west=none,north=none,south=side": {
		"model": "minecraft:block/books/457"
    },"power=10,east=side,west=none,north=none,south=side": {
		"model": "minecraft:block/books/458"
    },"power=11,east=side,west=none,north=none,south=side": {
		"model": "minecraft:block/books/459"
    },"power=12,east=side,west=none,north=none,south=side": {
		"model": "minecraft:block/books/460"
    },"power=13,east=side,west=none,north=none,south=side": {
		"model": "minecraft:block/books/461"
    },"power=14,east=side,west=none,north=none,south=side": {
		"model": "minecraft:block/books/462"
    },"power=15,east=side,west=none,north=none,south=side": {
		"model": "minecraft:block/books/463"
    },"power=0,east=up,west=none,north=none,south=side": {
		"model": "minecraft:block/books/464"
    },"power=1,east=up,west=none,north=none,south=side": {
		"model": "minecraft:block/books/465"
    },"power=2,east=up,west=none,north=none,south=side": {
		"model": "minecraft:block/books/466"
    },"power=3,east=up,west=none,north=none,south=side": {
		"model": "minecraft:block/books/467"
    },"power=4,east=up,west=none,north=none,south=side": {
		"model": "minecraft:block/books/468"
    },"power=5,east=up,west=none,north=none,south=side": {
		"model": "minecraft:block/books/469"
    },"power=6,east=up,west=none,north=none,south=side": {
		"model": "minecraft:block/books/470"
    },"power=7,east=up,west=none,north=none,south=side": {
		"model": "minecraft:block/books/471"
    },"power=8,east=up,west=none,north=none,south=side": {
		"model": "minecraft:block/books/472"
    },"power=9,east=up,west=none,north=none,south=side": {
		"model": "minecraft:block/books/473"
    },"power=10,east=up,west=none,north=none,south=side": {
		"model": "minecraft:block/books/474"
    },"power=11,east=up,west=none,north=none,south=side": {
		"model": "minecraft:block/books/475"
    },"power=12,east=up,west=none,north=none,south=side": {
		"model": "minecraft:block/books/476"
    },"power=13,east=up,west=none,north=none,south=side": {
		"model": "minecraft:block/books/477"
    },"power=14,east=up,west=none,north=none,south=side": {
		"model": "minecraft:block/books/478"
    },"power=15,east=up,west=none,north=none,south=side": {
		"model": "minecraft:block/books/479"
    },"power=0,east=none,west=side,north=none,south=side": {
		"model": "minecraft:block/books/480"
    },"power=1,east=none,west=side,north=none,south=side": {
		"model": "minecraft:block/books/481"
    },"power=2,east=none,west=side,north=none,south=side": {
		"model": "minecraft:block/books/482"
    },"power=3,east=none,west=side,north=none,south=side": {
		"model": "minecraft:block/books/483"
    },"power=4,east=none,west=side,north=none,south=side": {
		"model": "minecraft:block/books/484"
    },"power=5,east=none,west=side,north=none,south=side": {
		"model": "minecraft:block/books/485"
    },"power=6,east=none,west=side,north=none,south=side": {
		"model": "minecraft:block/books/486"
    },"power=7,east=none,west=side,north=none,south=side": {
		"model": "minecraft:block/books/487"
    },"power=8,east=none,west=side,north=none,south=side": {
		"model": "minecraft:block/books/488"
    },"power=9,east=none,west=side,north=none,south=side": {
		"model": "minecraft:block/books/489"
    },"power=10,east=none,west=side,north=none,south=side": {
		"model": "minecraft:block/books/490"
    },"power=11,east=none,west=side,north=none,south=side": {
		"model": "minecraft:block/books/491"
    },"power=12,east=none,west=side,north=none,south=side": {
		"model": "minecraft:block/books/492"
    },"power=13,east=none,west=side,north=none,south=side": {
		"model": "minecraft:block/books/493"
    },"power=14,east=none,west=side,north=none,south=side": {
		"model": "minecraft:block/books/494"
    },"power=15,east=none,west=side,north=none,south=side": {
		"model": "minecraft:block/books/495"
    },"power=0,east=side,west=side,north=none,south=side": {
		"model": "minecraft:block/books/496"
    },"power=1,east=side,west=side,north=none,south=side": {
		"model": "minecraft:block/books/497"
    },"power=2,east=side,west=side,north=none,south=side": {
		"model": "minecraft:block/books/498"
    },"power=3,east=side,west=side,north=none,south=side": {
		"model": "minecraft:block/books/499"
    },"power=4,east=side,west=side,north=none,south=side": {
		"model": "minecraft:block/books/500"
    },"power=5,east=side,west=side,north=none,south=side": {
		"model": "minecraft:block/books/501"
    },"power=6,east=side,west=side,north=none,south=side": {
		"model": "minecraft:block/books/502"
    },"power=7,east=side,west=side,north=none,south=side": {
		"model": "minecraft:block/books/503"
    },"power=8,east=side,west=side,north=none,south=side": {
		"model": "minecraft:block/books/504"
    },"power=9,east=side,west=side,north=none,south=side": {
		"model": "minecraft:block/books/505"
    },"power=10,east=side,west=side,north=none,south=side": {
		"model": "minecraft:block/books/506"
    },"power=11,east=side,west=side,north=none,south=side": {
		"model": "minecraft:block/books/507"
    },"power=12,east=side,west=side,north=none,south=side": {
		"model": "minecraft:block/books/508"
    },"power=13,east=side,west=side,north=none,south=side": {
		"model": "minecraft:block/books/509"
    },"power=14,east=side,west=side,north=none,south=side": {
		"model": "minecraft:block/books/510"
    },"power=15,east=side,west=side,north=none,south=side": {
		"model": "minecraft:block/books/511"
    },"power=0,east=up,west=side,north=none,south=side": {
		"model": "minecraft:block/books/512"
    },"power=1,east=up,west=side,north=none,south=side": {
		"model": "minecraft:block/books/513"
    },"power=2,east=up,west=side,north=none,south=side": {
		"model": "minecraft:block/books/514"
    },"power=3,east=up,west=side,north=none,south=side": {
		"model": "minecraft:block/books/515"
    },"power=4,east=up,west=side,north=none,south=side": {
		"model": "minecraft:block/books/516"
    },"power=5,east=up,west=side,north=none,south=side": {
		"model": "minecraft:block/books/517"
    },"power=6,east=up,west=side,north=none,south=side": {
		"model": "minecraft:block/books/518"
    },"power=7,east=up,west=side,north=none,south=side": {
		"model": "minecraft:block/books/519"
    },"power=8,east=up,west=side,north=none,south=side": {
		"model": "minecraft:block/books/520"
    },"power=9,east=up,west=side,north=none,south=side": {
		"model": "minecraft:block/books/521"
    },"power=10,east=up,west=side,north=none,south=side": {
		"model": "minecraft:block/books/522"
    },"power=11,east=up,west=side,north=none,south=side": {
		"model": "minecraft:block/books/523"
    },"power=12,east=up,west=side,north=none,south=side": {
		"model": "minecraft:block/books/524"
    },"power=13,east=up,west=side,north=none,south=side": {
		"model": "minecraft:block/books/525"
    },"power=14,east=up,west=side,north=none,south=side": {
		"model": "minecraft:block/books/526"
    },"power=15,east=up,west=side,north=none,south=side": {
		"model": "minecraft:block/books/527"
    },"power=0,east=none,west=up,north=none,south=side": {
		"model": "minecraft:block/books/528"
    },"power=1,east=none,west=up,north=none,south=side": {
		"model": "minecraft:block/books/529"
    },"power=2,east=none,west=up,north=none,south=side": {
		"model": "minecraft:block/books/530"
    },"power=3,east=none,west=up,north=none,south=side": {
		"model": "minecraft:block/books/531"
    },"power=4,east=none,west=up,north=none,south=side": {
		"model": "minecraft:block/books/532"
    },"power=5,east=none,west=up,north=none,south=side": {
		"model": "minecraft:block/books/533"
    },"power=6,east=none,west=up,north=none,south=side": {
		"model": "minecraft:block/books/534"
    },"power=7,east=none,west=up,north=none,south=side": {
		"model": "minecraft:block/books/535"
    },"power=8,east=none,west=up,north=none,south=side": {
		"model": "minecraft:block/books/536"
    },"power=9,east=none,west=up,north=none,south=side": {
		"model": "minecraft:block/books/537"
    },"power=10,east=none,west=up,north=none,south=side": {
		"model": "minecraft:block/books/538"
    },"power=11,east=none,west=up,north=none,south=side": {
		"model": "minecraft:block/books/539"
    },"power=12,east=none,west=up,north=none,south=side": {
		"model": "minecraft:block/books/540"
    },"power=13,east=none,west=up,north=none,south=side": {
		"model": "minecraft:block/books/541"
    },"power=14,east=none,west=up,north=none,south=side": {
		"model": "minecraft:block/books/542"
    },"power=15,east=none,west=up,north=none,south=side": {
		"model": "minecraft:block/books/543"
    },"power=0,east=side,west=up,north=none,south=side": {
		"model": "minecraft:block/books/544"
    },"power=1,east=side,west=up,north=none,south=side": {
		"model": "minecraft:block/books/545"
    },"power=2,east=side,west=up,north=none,south=side": {
		"model": "minecraft:block/books/546"
    },"power=3,east=side,west=up,north=none,south=side": {
		"model": "minecraft:block/books/547"
    },"power=4,east=side,west=up,north=none,south=side": {
		"model": "minecraft:block/books/548"
    },"power=5,east=side,west=up,north=none,south=side": {
		"model": "minecraft:block/books/549"
    },"power=6,east=side,west=up,north=none,south=side": {
		"model": "minecraft:block/books/550"
    },"power=7,east=side,west=up,north=none,south=side": {
		"model": "minecraft:block/books/551"
    },"power=8,east=side,west=up,north=none,south=side": {
		"model": "minecraft:block/books/552"
    },"power=9,east=side,west=up,north=none,south=side": {
		"model": "minecraft:block/books/553"
    },"power=10,east=side,west=up,north=none,south=side": {
		"model": "minecraft:block/books/554"
    },"power=11,east=side,west=up,north=none,south=side": {
		"model": "minecraft:block/books/555"
    },"power=12,east=side,west=up,north=none,south=side": {
		"model": "minecraft:block/books/556"
    },"power=13,east=side,west=up,north=none,south=side": {
		"model": "minecraft:block/books/557"
    },"power=14,east=side,west=up,north=none,south=side": {
		"model": "minecraft:block/books/558"
    },"power=15,east=side,west=up,north=none,south=side": {
		"model": "minecraft:block/books/559"
    },"power=0,east=up,west=up,north=none,south=side": {
		"model": "minecraft:block/books/560"
    },"power=1,east=up,west=up,north=none,south=side": {
		"model": "minecraft:block/books/561"
    },"power=2,east=up,west=up,north=none,south=side": {
		"model": "minecraft:block/books/562"
    },"power=3,east=up,west=up,north=none,south=side": {
		"model": "minecraft:block/books/563"
    },"power=4,east=up,west=up,north=none,south=side": {
		"model": "minecraft:block/books/564"
    },"power=5,east=up,west=up,north=none,south=side": {
		"model": "minecraft:block/books/565"
    },"power=6,east=up,west=up,north=none,south=side": {
		"model": "minecraft:block/books/566"
    },"power=7,east=up,west=up,north=none,south=side": {
		"model": "minecraft:block/books/567"
    },"power=8,east=up,west=up,north=none,south=side": {
		"model": "minecraft:block/books/568"
    },"power=9,east=up,west=up,north=none,south=side": {
		"model": "minecraft:block/books/569"
    },"power=10,east=up,west=up,north=none,south=side": {
		"model": "minecraft:block/books/570"
    },"power=11,east=up,west=up,north=none,south=side": {
		"model": "minecraft:block/books/571"
    },"power=12,east=up,west=up,north=none,south=side": {
		"model": "minecraft:block/books/572"
    },"power=13,east=up,west=up,north=none,south=side": {
		"model": "minecraft:block/books/573"
    },"power=14,east=up,west=up,north=none,south=side": {
		"model": "minecraft:block/books/574"
    },"power=15,east=up,west=up,north=none,south=side": {
		"model": "minecraft:block/books/575"
    },"power=0,east=none,west=none,north=side,south=side": {
		"model": "minecraft:block/books/576"
    },"power=1,east=none,west=none,north=side,south=side": {
		"model": "minecraft:block/books/577"
    },"power=2,east=none,west=none,north=side,south=side": {
		"model": "minecraft:block/books/578"
    },"power=3,east=none,west=none,north=side,south=side": {
		"model": "minecraft:block/books/579"
    },"power=4,east=none,west=none,north=side,south=side": {
		"model": "minecraft:block/books/580"
    },"power=5,east=none,west=none,north=side,south=side": {
		"model": "minecraft:block/books/581"
    },"power=6,east=none,west=none,north=side,south=side": {
		"model": "minecraft:block/books/582"
    },"power=7,east=none,west=none,north=side,south=side": {
		"model": "minecraft:block/books/583"
    },"power=8,east=none,west=none,north=side,south=side": {
		"model": "minecraft:block/books/584"
    },"power=9,east=none,west=none,north=side,south=side": {
		"model": "minecraft:block/books/585"
    },"power=10,east=none,west=none,north=side,south=side": {
		"model": "minecraft:block/books/586"
    },"power=11,east=none,west=none,north=side,south=side": {
		"model": "minecraft:block/books/587"
    },"power=12,east=none,west=none,north=side,south=side": {
		"model": "minecraft:block/books/588"
    },"power=13,east=none,west=none,north=side,south=side": {
		"model": "minecraft:block/books/589"
    },"power=14,east=none,west=none,north=side,south=side": {
		"model": "minecraft:block/books/590"
    },"power=15,east=none,west=none,north=side,south=side": {
		"model": "minecraft:block/books/591"
    },"power=0,east=side,west=none,north=side,south=side": {
		"model": "minecraft:block/books/592"
    },"power=1,east=side,west=none,north=side,south=side": {
		"model": "minecraft:block/books/593"
    },"power=2,east=side,west=none,north=side,south=side": {
		"model": "minecraft:block/books/594"
    },"power=3,east=side,west=none,north=side,south=side": {
		"model": "minecraft:block/books/595"
    },"power=4,east=side,west=none,north=side,south=side": {
		"model": "minecraft:block/books/596"
    },"power=5,east=side,west=none,north=side,south=side": {
		"model": "minecraft:block/books/597"
    },"power=6,east=side,west=none,north=side,south=side": {
		"model": "minecraft:block/books/598"
    },"power=7,east=side,west=none,north=side,south=side": {
		"model": "minecraft:block/books/599"
    },"power=8,east=side,west=none,north=side,south=side": {
		"model": "minecraft:block/books/600"
    },"power=9,east=side,west=none,north=side,south=side": {
		"model": "minecraft:block/books/601"
    },"power=10,east=side,west=none,north=side,south=side": {
		"model": "minecraft:block/books/602"
    },"power=11,east=side,west=none,north=side,south=side": {
		"model": "minecraft:block/books/603"
    },"power=12,east=side,west=none,north=side,south=side": {
		"model": "minecraft:block/books/604"
    },"power=13,east=side,west=none,north=side,south=side": {
		"model": "minecraft:block/books/605"
    },"power=14,east=side,west=none,north=side,south=side": {
		"model": "minecraft:block/books/606"
    },"power=15,east=side,west=none,north=side,south=side": {
		"model": "minecraft:block/books/607"
    },"power=0,east=up,west=none,north=side,south=side": {
		"model": "minecraft:block/books/608"
    },"power=1,east=up,west=none,north=side,south=side": {
		"model": "minecraft:block/books/609"
    },"power=2,east=up,west=none,north=side,south=side": {
		"model": "minecraft:block/books/610"
    },"power=3,east=up,west=none,north=side,south=side": {
		"model": "minecraft:block/books/611"
    },"power=4,east=up,west=none,north=side,south=side": {
		"model": "minecraft:block/books/612"
    },"power=5,east=up,west=none,north=side,south=side": {
		"model": "minecraft:block/books/613"
    },"power=6,east=up,west=none,north=side,south=side": {
		"model": "minecraft:block/books/614"
    },"power=7,east=up,west=none,north=side,south=side": {
		"model": "minecraft:block/books/615"
    },"power=8,east=up,west=none,north=side,south=side": {
		"model": "minecraft:block/books/616"
    },"power=9,east=up,west=none,north=side,south=side": {
		"model": "minecraft:block/books/617"
    },"power=10,east=up,west=none,north=side,south=side": {
		"model": "minecraft:block/books/618"
    },"power=11,east=up,west=none,north=side,south=side": {
		"model": "minecraft:block/books/619"
    },"power=12,east=up,west=none,north=side,south=side": {
		"model": "minecraft:block/books/620"
    },"power=13,east=up,west=none,north=side,south=side": {
		"model": "minecraft:block/books/621"
    },"power=14,east=up,west=none,north=side,south=side": {
		"model": "minecraft:block/books/622"
    },"power=15,east=up,west=none,north=side,south=side": {
		"model": "minecraft:block/books/623"
    },"power=0,east=none,west=side,north=side,south=side": {
		"model": "minecraft:block/books/624"
    },"power=1,east=none,west=side,north=side,south=side": {
		"model": "minecraft:block/books/625"
    },"power=2,east=none,west=side,north=side,south=side": {
		"model": "minecraft:block/books/626"
    },"power=3,east=none,west=side,north=side,south=side": {
		"model": "minecraft:block/books/627"
    },"power=4,east=none,west=side,north=side,south=side": {
		"model": "minecraft:block/books/628"
    },"power=5,east=none,west=side,north=side,south=side": {
		"model": "minecraft:block/books/629"
    },"power=6,east=none,west=side,north=side,south=side": {
		"model": "minecraft:block/books/630"
    },"power=7,east=none,west=side,north=side,south=side": {
		"model": "minecraft:block/books/631"
    },"power=8,east=none,west=side,north=side,south=side": {
		"model": "minecraft:block/books/632"
    },"power=9,east=none,west=side,north=side,south=side": {
		"model": "minecraft:block/books/633"
    },"power=10,east=none,west=side,north=side,south=side": {
		"model": "minecraft:block/books/634"
    },"power=11,east=none,west=side,north=side,south=side": {
		"model": "minecraft:block/books/635"
    },"power=12,east=none,west=side,north=side,south=side": {
		"model": "minecraft:block/books/636"
    },"power=13,east=none,west=side,north=side,south=side": {
		"model": "minecraft:block/books/637"
    },"power=14,east=none,west=side,north=side,south=side": {
		"model": "minecraft:block/books/638"
    },"power=15,east=none,west=side,north=side,south=side": {
		"model": "minecraft:block/books/639"
    },"power=0,east=side,west=side,north=side,south=side": {
		"model": "minecraft:block/books/640"
    },"power=1,east=side,west=side,north=side,south=side": {
		"model": "minecraft:block/books/641"
    },"power=2,east=side,west=side,north=side,south=side": {
		"model": "minecraft:block/books/642"
    },"power=3,east=side,west=side,north=side,south=side": {
		"model": "minecraft:block/books/643"
    },"power=4,east=side,west=side,north=side,south=side": {
		"model": "minecraft:block/books/644"
    },"power=5,east=side,west=side,north=side,south=side": {
		"model": "minecraft:block/books/645"
    },"power=6,east=side,west=side,north=side,south=side": {
		"model": "minecraft:block/books/646"
    },"power=7,east=side,west=side,north=side,south=side": {
		"model": "minecraft:block/books/647"
    },"power=8,east=side,west=side,north=side,south=side": {
		"model": "minecraft:block/books/648"
    },"power=9,east=side,west=side,north=side,south=side": {
		"model": "minecraft:block/books/649"
    },"power=10,east=side,west=side,north=side,south=side": {
		"model": "minecraft:block/books/650"
    },"power=11,east=side,west=side,north=side,south=side": {
		"model": "minecraft:block/books/651"
    },"power=12,east=side,west=side,north=side,south=side": {
		"model": "minecraft:block/books/652"
    },"power=13,east=side,west=side,north=side,south=side": {
		"model": "minecraft:block/books/653"
    },"power=14,east=side,west=side,north=side,south=side": {
		"model": "minecraft:block/books/654"
    },"power=15,east=side,west=side,north=side,south=side": {
		"model": "minecraft:block/books/655"
    },"power=0,east=up,west=side,north=side,south=side": {
		"model": "minecraft:block/books/656"
    },"power=1,east=up,west=side,north=side,south=side": {
		"model": "minecraft:block/books/657"
    },"power=2,east=up,west=side,north=side,south=side": {
		"model": "minecraft:block/books/658"
    },"power=3,east=up,west=side,north=side,south=side": {
		"model": "minecraft:block/books/659"
    },"power=4,east=up,west=side,north=side,south=side": {
		"model": "minecraft:block/books/660"
    },"power=5,east=up,west=side,north=side,south=side": {
		"model": "minecraft:block/books/661"
    },"power=6,east=up,west=side,north=side,south=side": {
		"model": "minecraft:block/books/662"
    },"power=7,east=up,west=side,north=side,south=side": {
		"model": "minecraft:block/books/663"
    },"power=8,east=up,west=side,north=side,south=side": {
		"model": "minecraft:block/books/664"
    },"power=9,east=up,west=side,north=side,south=side": {
		"model": "minecraft:block/books/665"
    },"power=10,east=up,west=side,north=side,south=side": {
		"model": "minecraft:block/books/666"
    },"power=11,east=up,west=side,north=side,south=side": {
		"model": "minecraft:block/books/667"
    },"power=12,east=up,west=side,north=side,south=side": {
		"model": "minecraft:block/books/668"
    },"power=13,east=up,west=side,north=side,south=side": {
		"model": "minecraft:block/books/669"
    },"power=14,east=up,west=side,north=side,south=side": {
		"model": "minecraft:block/books/670"
    },"power=15,east=up,west=side,north=side,south=side": {
		"model": "minecraft:block/books/671"
    },"power=0,east=none,west=up,north=side,south=side": {
		"model": "minecraft:block/books/672"
    },"power=1,east=none,west=up,north=side,south=side": {
		"model": "minecraft:block/books/673"
    },"power=2,east=none,west=up,north=side,south=side": {
		"model": "minecraft:block/books/674"
    },"power=3,east=none,west=up,north=side,south=side": {
		"model": "minecraft:block/books/675"
    },"power=4,east=none,west=up,north=side,south=side": {
		"model": "minecraft:block/books/676"
    },"power=5,east=none,west=up,north=side,south=side": {
		"model": "minecraft:block/books/677"
    },"power=6,east=none,west=up,north=side,south=side": {
		"model": "minecraft:block/books/678"
    },"power=7,east=none,west=up,north=side,south=side": {
		"model": "minecraft:block/books/679"
    },"power=8,east=none,west=up,north=side,south=side": {
		"model": "minecraft:block/books/680"
    },"power=9,east=none,west=up,north=side,south=side": {
		"model": "minecraft:block/books/681"
    },"power=10,east=none,west=up,north=side,south=side": {
		"model": "minecraft:block/books/682"
    },"power=11,east=none,west=up,north=side,south=side": {
		"model": "minecraft:block/books/683"
    },"power=12,east=none,west=up,north=side,south=side": {
		"model": "minecraft:block/books/684"
    },"power=13,east=none,west=up,north=side,south=side": {
		"model": "minecraft:block/books/685"
    }
  }
}